Question,Answer,Category
When is the best time to sow Wheat in North India?,Early October-November is best for Wheat propagation.,Crops
What is the average yield of Wheat per hectare?,The average yield for Wheat ranges from 35-45 quintals per hectare.,Crops
How often should I water Wheat?,Watering twice a week or when topsoil feels dry is ideal for Wheat.,Crops
What are the best companion crops for Wheat?,Growing Legumes along with Wheat helps in pest reduction and soil health.,Crops
Common pests for Wheat and treatments?,Major pests include aphids and borers; use organic neem spray for control.,Crops
When is the best time to sow Rice in North India?,Early October-November is best for Rice propagation.,Crops
What is the average yield of Rice per hectare?,The average yield for Rice ranges from 35-45 quintals per hectare.,Crops
How often should I water Rice?,Watering twice a week or when topsoil feels dry is ideal for Rice.,Crops
What are the best companion crops for Rice?,Growing Legumes along with Rice helps in pest reduction and soil health.,Crops
Common pests for Rice and treatments?,Major pests include aphids and borers; use organic neem spray for control.,Crops
When is the best time to sow Sugarcane in North India?,Early October-November is best for Sugarcane propagation.,Crops
What is the average yield of Sugarcane per hectare?,The average yield for Sugarcane ranges from 35-45 quintals per hectare.,Crops
How often should I water Sugarcane?,Watering twice a week or when topsoil feels dry is ideal for Sugarcane.,Crops
What are the best companion crops for Sugarcane?,Growing Legumes along with Sugarcane helps in pest reduction and soil health.,Crops
Common pests for Sugarcane and treatments?,Major pests include aphids and borers; use organic neem spray for control.,Crops
When is the best time to sow Cotton in North India?,Early October-November is best for Cotton propagation.,Crops
What is the average yield of Cotton per hectare?,The average yield for Cotton ranges from 35-45 quintals per hectare.,Crops
How often should I water Cotton?,Watering twice a week or when topsoil feels dry is ideal for Cotton.,Crops
What are the best companion crops for Cotton?,Growing Legumes along with Cotton helps in pest reduction and soil health.,Crops
Common pests for Cotton and treatments?,Major pests include aphids and borers; use organic neem spray for control.,Crops
When is the best time to sow Maize in North India?,Early October-November is best for Maize propagation.,Crops
What is the average yield of Maize per hectare?,The average yield for Maize ranges from 35-45 quintals per hectare.,Crops
How often should I water Maize?,Watering twice a week or when topsoil feels dry is ideal for Maize.,Crops
What are the best companion crops for Maize?,Growing Legumes along with Maize helps in pest reduction and soil health.,Crops
Common pests for Maize and treatments?,Major pests include aphids and borers; use organic neem spray for control.,Crops
When is the best time to sow Banana in North India?,Early October-November is best for Banana propagation.,Crops
What is the average yield of Banana per hectare?,The average yield for Banana ranges from 35-45 quintals per hectare.,Crops
How often should I water Banana?,Watering twice a week or when topsoil feels dry is ideal for Banana.,Crops
What are the best companion crops for Banana?,Growing Legumes along with Banana helps in pest reduction and soil health.,Crops
Common pests for Banana and treatments?,Major pests include aphids and borers; use organic neem spray for control.,Crops
When is the best time to sow Mango in North India?,Early October-November is best for Mango propagation.,Crops
What is the average yield of Mango per hectare?,The average yield for Mango ranges from 35-45 quintals per hectare.,Crops
How often should I water Mango?,Watering twice a week or when topsoil feels dry is ideal for Mango.,Crops
What are the best companion crops for Mango?,Growing Legumes along with Mango helps in pest reduction and soil health.,Crops
Common pests for Mango and treatments?,Major pests include aphids and borers; use organic neem spray for control.,Crops
When is the best time to sow Tomato in North India?,Early October-November is best for Tomato propagation.,Crops
What is the average yield of Tomato per hectare?,The average yield for Tomato ranges from 35-45 quintals per hectare.,Crops
How often should I water Tomato?,Watering twice a week or when topsoil feels dry is ideal for Tomato.,Crops
What are the best companion crops for Tomato?,Growing Legumes along with Tomato helps in pest reduction and soil health.,Crops
Common pests for Tomato and treatments?,Major pests include aphids and borers; use organic neem spray for control.,Crops
When is the best time to sow Potato in North India?,Early October-November is best for Potato propagation.,Crops
What is the average yield of Potato per hectare?,The average yield for Potato ranges from 35-45 quintals per hectare.,Crops
How often should I water Potato?,Watering twice a week or when topsoil feels dry is ideal for Potato.,Crops
What are the best companion crops for Potato?,Growing Legumes along with Potato helps in pest reduction and soil health.,Crops
Common pests for Potato and treatments?,Major pests include aphids and borers; use organic neem spray for control.,Crops
General Question 0,General Answer 0 regarding agriculture technicalities.,General
General Question 1,General Answer 1 regarding agriculture technicalities.,General
General Question 2,General Answer 2 regarding agriculture technicalities.,General
General Question 3,General Answer 3 regarding agriculture technicalities.,General
General Question 4,General Answer 4 regarding agriculture technicalities.,General
General Question 5,General Answer 5 regarding agriculture technicalities.,General
General Question 6,General Answer 6 regarding agriculture technicalities.,General
General Question 7,General Answer 7 regarding agriculture technicalities.,General
General Question 8,General Answer 8 regarding agriculture technicalities.,General
General Question 9,General Answer 9 regarding agriculture technicalities.,General
General Question 10,General Answer 10 regarding agriculture technicalities.,General
General Question 11,General Answer 11 regarding agriculture technicalities.,General
General Question 12,General Answer 12 regarding agriculture technicalities.,General
General Question 13,General Answer 13 regarding agriculture technicalities.,General
General Question 14,General Answer 14 regarding agriculture technicalities.,General
General Question 15,General Answer 15 regarding agriculture technicalities.,General
General Question 16,General Answer 16 regarding agriculture technicalities.,General
General Question 17,General Answer 17 regarding agriculture technicalities.,General
General Question 18,General Answer 18 regarding agriculture technicalities.,General
General Question 19,General Answer 19 regarding agriculture technicalities.,General
General Question 20,General Answer 20 regarding agriculture technicalities.,General
General Question 21,General Answer 21 regarding agriculture technicalities.,General
General Question 22,General Answer 22 regarding agriculture technicalities.,General
General Question 23,General Answer 23 regarding agriculture technicalities.,General
General Question 24,General Answer 24 regarding agriculture technicalities.,General
General Question 25,General Answer 25 regarding agriculture technicalities.,General
General Question 26,General Answer 26 regarding agriculture technicalities.,General
General Question 27,General Answer 27 regarding agriculture technicalities.,General
General Question 28,General Answer 28 regarding agriculture technicalities.,General
General Question 29,General Answer 29 regarding agriculture technicalities.,General
General Question 30,General Answer 30 regarding agriculture technicalities.,General
General Question 31,General Answer 31 regarding agriculture technicalities.,General
General Question 32,General Answer 32 regarding agriculture technicalities.,General
General Question 33,General Answer 33 regarding agriculture technicalities.,General
General Question 34,General Answer 34 regarding agriculture technicalities.,General
General Question 35,General Answer 35 regarding agriculture technicalities.,General
General Question 36,General Answer 36 regarding agriculture technicalities.,General
General Question 37,General Answer 37 regarding agriculture technicalities.,General
General Question 38,General Answer 38 regarding agriculture technicalities.,General
General Question 39,General Answer 39 regarding agriculture technicalities.,General
General Question 40,General Answer 40 regarding agriculture technicalities.,General
General Question 41,General Answer 41 regarding agriculture technicalities.,General
General Question 42,General Answer 42 regarding agriculture technicalities.,General
General Question 43,General Answer 43 regarding agriculture technicalities.,General
General Question 44,General Answer 44 regarding agriculture technicalities.,General
General Question 45,General Answer 45 regarding agriculture technicalities.,General
General Question 46,General Answer 46 regarding agriculture technicalities.,General
General Question 47,General Answer 47 regarding agriculture technicalities.,General
General Question 48,General Answer 48 regarding agriculture technicalities.,General
General Question 49,General Answer 49 regarding agriculture technicalities.,General
General Question 50,General Answer 50 regarding agriculture technicalities.,General
General Question 51,General Answer 51 regarding agriculture technicalities.,General
General Question 52,General Answer 52 regarding agriculture technicalities.,General
General Question 53,General Answer 53 regarding agriculture technicalities.,General
General Question 54,General Answer 54 regarding agriculture technicalities.,General
General Question 55,General Answer 55 regarding agriculture technicalities.,General
General Question 56,General Answer 56 regarding agriculture technicalities.,General
General Question 57,General Answer 57 regarding agriculture technicalities.,General
General Question 58,General Answer 58 regarding agriculture technicalities.,General
General Question 59,General Answer 59 regarding agriculture technicalities.,General
General Question 60,General Answer 60 regarding agriculture technicalities.,General
General Question 61,General Answer 61 regarding agriculture technicalities.,General
General Question 62,General Answer 62 regarding agriculture technicalities.,General
General Question 63,General Answer 63 regarding agriculture technicalities.,General
General Question 64,General Answer 64 regarding agriculture technicalities.,General
General Question 65,General Answer 65 regarding agriculture technicalities.,General
General Question 66,General Answer 66 regarding agriculture technicalities.,General
General Question 67,General Answer 67 regarding agriculture technicalities.,General
General Question 68,General Answer 68 regarding agriculture technicalities.,General
General Question 69,General Answer 69 regarding agriculture technicalities.,General
General Question 70,General Answer 70 regarding agriculture technicalities.,General
General Question 71,General Answer 71 regarding agriculture technicalities.,General
General Question 72,General Answer 72 regarding agriculture technicalities.,General
General Question 73,General Answer 73 regarding agriculture technicalities.,General
General Question 74,General Answer 74 regarding agriculture technicalities.,General
General Question 75,General Answer 75 regarding agriculture technicalities.,General
General Question 76,General Answer 76 regarding agriculture technicalities.,General
General Question 77,General Answer 77 regarding agriculture technicalities.,General
General Question 78,General Answer 78 regarding agriculture technicalities.,General
General Question 79,General Answer 79 regarding agriculture technicalities.,General
General Question 80,General Answer 80 regarding agriculture technicalities.,General
General Question 81,General Answer 81 regarding agriculture technicalities.,General
General Question 82,General Answer 82 regarding agriculture technicalities.,General
General Question 83,General Answer 83 regarding agriculture technicalities.,General
General Question 84,General Answer 84 regarding agriculture technicalities.,General
General Question 85,General Answer 85 regarding agriculture technicalities.,General
General Question 86,General Answer 86 regarding agriculture technicalities.,General
General Question 87,General Answer 87 regarding agriculture technicalities.,General
General Question 88,General Answer 88 regarding agriculture technicalities.,General
General Question 89,General Answer 89 regarding agriculture technicalities.,General
General Question 90,General Answer 90 regarding agriculture technicalities.,General
General Question 91,General Answer 91 regarding agriculture technicalities.,General
General Question 92,General Answer 92 regarding agriculture technicalities.,General
General Question 93,General Answer 93 regarding agriculture technicalities.,General
General Question 94,General Answer 94 regarding agriculture technicalities.,General
General Question 95,General Answer 95 regarding agriculture technicalities.,General
General Question 96,General Answer 96 regarding agriculture technicalities.,General
General Question 97,General Answer 97 regarding agriculture technicalities.,General
General Question 98,General Answer 98 regarding agriculture technicalities.,General
General Question 99,General Answer 99 regarding agriculture technicalities.,General
General Question 100,General Answer 100 regarding agriculture technicalities.,General
General Question 101,General Answer 101 regarding agriculture technicalities.,General
General Question 102,General Answer 102 regarding agriculture technicalities.,General
General Question 103,General Answer 103 regarding agriculture technicalities.,General
General Question 104,General Answer 104 regarding agriculture technicalities.,General
General Question 105,General Answer 105 regarding agriculture technicalities.,General
General Question 106,General Answer 106 regarding agriculture technicalities.,General
General Question 107,General Answer 107 regarding agriculture technicalities.,General
General Question 108,General Answer 108 regarding agriculture technicalities.,General
General Question 109,General Answer 109 regarding agriculture technicalities.,General
General Question 110,General Answer 110 regarding agriculture technicalities.,General
General Question 111,General Answer 111 regarding agriculture technicalities.,General
General Question 112,General Answer 112 regarding agriculture technicalities.,General
General Question 113,General Answer 113 regarding agriculture technicalities.,General
General Question 114,General Answer 114 regarding agriculture technicalities.,General
General Question 115,General Answer 115 regarding agriculture technicalities.,General
General Question 116,General Answer 116 regarding agriculture technicalities.,General
General Question 117,General Answer 117 regarding agriculture technicalities.,General
General Question 118,General Answer 118 regarding agriculture technicalities.,General
General Question 119,General Answer 119 regarding agriculture technicalities.,General
General Question 120,General Answer 120 regarding agriculture technicalities.,General
General Question 121,General Answer 121 regarding agriculture technicalities.,General
General Question 122,General Answer 122 regarding agriculture technicalities.,General
General Question 123,General Answer 123 regarding agriculture technicalities.,General
General Question 124,General Answer 124 regarding agriculture technicalities.,General
General Question 125,General Answer 125 regarding agriculture technicalities.,General
General Question 126,General Answer 126 regarding agriculture technicalities.,General
General Question 127,General Answer 127 regarding agriculture technicalities.,General
General Question 128,General Answer 128 regarding agriculture technicalities.,General
General Question 129,General Answer 129 regarding agriculture technicalities.,General
General Question 130,General Answer 130 regarding agriculture technicalities.,General
General Question 131,General Answer 131 regarding agriculture technicalities.,General
General Question 132,General Answer 132 regarding agriculture technicalities.,General
General Question 133,General Answer 133 regarding agriculture technicalities.,General
General Question 134,General Answer 134 regarding agriculture technicalities.,General
General Question 135,General Answer 135 regarding agriculture technicalities.,General
General Question 136,General Answer 136 regarding agriculture technicalities.,General
General Question 137,General Answer 137 regarding agriculture technicalities.,General
General Question 138,General Answer 138 regarding agriculture technicalities.,General
General Question 139,General Answer 139 regarding agriculture technicalities.,General
General Question 140,General Answer 140 regarding agriculture technicalities.,General
General Question 141,General Answer 141 regarding agriculture technicalities.,General
General Question 142,General Answer 142 regarding agriculture technicalities.,General
General Question 143,General Answer 143 regarding agriculture technicalities.,General
General Question 144,General Answer 144 regarding agriculture technicalities.,General
General Question 145,General Answer 145 regarding agriculture technicalities.,General
General Question 146,General Answer 146 regarding agriculture technicalities.,General
General Question 147,General Answer 147 regarding agriculture technicalities.,General
General Question 148,General Answer 148 regarding agriculture technicalities.,General
General Question 149,General Answer 149 regarding agriculture technicalities.,General
General Question 150,General Answer 150 regarding agriculture technicalities.,General
General Question 151,General Answer 151 regarding agriculture technicalities.,General
General Question 152,General Answer 152 regarding agriculture technicalities.,General
General Question 153,General Answer 153 regarding agriculture technicalities.,General
General Question 154,General Answer 154 regarding agriculture technicalities.,General
General Question 155,General Answer 155 regarding agriculture technicalities.,General
General Question 156,General Answer 156 regarding agriculture technicalities.,General
General Question 157,General Answer 157 regarding agriculture technicalities.,General
General Question 158,General Answer 158 regarding agriculture technicalities.,General
General Question 159,General Answer 159 regarding agriculture technicalities.,General
General Question 160,General Answer 160 regarding agriculture technicalities.,General
General Question 161,General Answer 161 regarding agriculture technicalities.,General
General Question 162,General Answer 162 regarding agriculture technicalities.,General
General Question 163,General Answer 163 regarding agriculture technicalities.,General
General Question 164,General Answer 164 regarding agriculture technicalities.,General
General Question 165,General Answer 165 regarding agriculture technicalities.,General
General Question 166,General Answer 166 regarding agriculture technicalities.,General
General Question 167,General Answer 167 regarding agriculture technicalities.,General
General Question 168,General Answer 168 regarding agriculture technicalities.,General
General Question 169,General Answer 169 regarding agriculture technicalities.,General
General Question 170,General Answer 170 regarding agriculture technicalities.,General
General Question 171,General Answer 171 regarding agriculture technicalities.,General
General Question 172,General Answer 172 regarding agriculture technicalities.,General
General Question 173,General Answer 173 regarding agriculture technicalities.,General
General Question 174,General Answer 174 regarding agriculture technicalities.,General
General Question 175,General Answer 175 regarding agriculture technicalities.,General
General Question 176,General Answer 176 regarding agriculture technicalities.,General
General Question 177,General Answer 177 regarding agriculture technicalities.,General
General Question 178,General Answer 178 regarding agriculture technicalities.,General
General Question 179,General Answer 179 regarding agriculture technicalities.,General
General Question 180,General Answer 180 regarding agriculture technicalities.,General
General Question 181,General Answer 181 regarding agriculture technicalities.,General
General Question 182,General Answer 182 regarding agriculture technicalities.,General
General Question 183,General Answer 183 regarding agriculture technicalities.,General
General Question 184,General Answer 184 regarding agriculture technicalities.,General
General Question 185,General Answer 185 regarding agriculture technicalities.,General
General Question 186,General Answer 186 regarding agriculture technicalities.,General
General Question 187,General Answer 187 regarding agriculture technicalities.,General
General Question 188,General Answer 188 regarding agriculture technicalities.,General
General Question 189,General Answer 189 regarding agriculture technicalities.,General
General Question 190,General Answer 190 regarding agriculture technicalities.,General
General Question 191,General Answer 191 regarding agriculture technicalities.,General
General Question 192,General Answer 192 regarding agriculture technicalities.,General
General Question 193,General Answer 193 regarding agriculture technicalities.,General
General Question 194,General Answer 194 regarding agriculture technicalities.,General
General Question 195,General Answer 195 regarding agriculture technicalities.,General
General Question 196,General Answer 196 regarding agriculture technicalities.,General
General Question 197,General Answer 197 regarding agriculture technicalities.,General
General Question 198,General Answer 198 regarding agriculture technicalities.,General
General Question 199,General Answer 199 regarding agriculture technicalities.,General
General Question 200,General Answer 200 regarding agriculture technicalities.,General
General Question 201,General Answer 201 regarding agriculture technicalities.,General
General Question 202,General Answer 202 regarding agriculture technicalities.,General
General Question 203,General Answer 203 regarding agriculture technicalities.,General
General Question 204,General Answer 204 regarding agriculture technicalities.,General
General Question 205,General Answer 205 regarding agriculture technicalities.,General
General Question 206,General Answer 206 regarding agriculture technicalities.,General
General Question 207,General Answer 207 regarding agriculture technicalities.,General
General Question 208,General Answer 208 regarding agriculture technicalities.,General
General Question 209,General Answer 209 regarding agriculture technicalities.,General
General Question 210,General Answer 210 regarding agriculture technicalities.,General
General Question 211,General Answer 211 regarding agriculture technicalities.,General
General Question 212,General Answer 212 regarding agriculture technicalities.,General
General Question 213,General Answer 213 regarding agriculture technicalities.,General
General Question 214,General Answer 214 regarding agriculture technicalities.,General
General Question 215,General Answer 215 regarding agriculture technicalities.,General
General Question 216,General Answer 216 regarding agriculture technicalities.,General
General Question 217,General Answer 217 regarding agriculture technicalities.,General
General Question 218,General Answer 218 regarding agriculture technicalities.,General
General Question 219,General Answer 219 regarding agriculture technicalities.,General
General Question 220,General Answer 220 regarding agriculture technicalities.,General
General Question 221,General Answer 221 regarding agriculture technicalities.,General
General Question 222,General Answer 222 regarding agriculture technicalities.,General
General Question 223,General Answer 223 regarding agriculture technicalities.,General
General Question 224,General Answer 224 regarding agriculture technicalities.,General
General Question 225,General Answer 225 regarding agriculture technicalities.,General
General Question 226,General Answer 226 regarding agriculture technicalities.,General
General Question 227,General Answer 227 regarding agriculture technicalities.,General
General Question 228,General Answer 228 regarding agriculture technicalities.,General
General Question 229,General Answer 229 regarding agriculture technicalities.,General
General Question 230,General Answer 230 regarding agriculture technicalities.,General
General Question 231,General Answer 231 regarding agriculture technicalities.,General
General Question 232,General Answer 232 regarding agriculture technicalities.,General
General Question 233,General Answer 233 regarding agriculture technicalities.,General
General Question 234,General Answer 234 regarding agriculture technicalities.,General
General Question 235,General Answer 235 regarding agriculture technicalities.,General
General Question 236,General Answer 236 regarding agriculture technicalities.,General
General Question 237,General Answer 237 regarding agriculture technicalities.,General
General Question 238,General Answer 238 regarding agriculture technicalities.,General
General Question 239,General Answer 239 regarding agriculture technicalities.,General
General Question 240,General Answer 240 regarding agriculture technicalities.,General
General Question 241,General Answer 241 regarding agriculture technicalities.,General
General Question 242,General Answer 242 regarding agriculture technicalities.,General
General Question 243,General Answer 243 regarding agriculture technicalities.,General
General Question 244,General Answer 244 regarding agriculture technicalities.,General
General Question 245,General Answer 245 regarding agriculture technicalities.,General
General Question 246,General Answer 246 regarding agriculture technicalities.,General
General Question 247,General Answer 247 regarding agriculture technicalities.,General
General Question 248,General Answer 248 regarding agriculture technicalities.,General
General Question 249,General Answer 249 regarding agriculture technicalities.,General
General Question 250,General Answer 250 regarding agriculture technicalities.,General
General Question 251,General Answer 251 regarding agriculture technicalities.,General
General Question 252,General Answer 252 regarding agriculture technicalities.,General
General Question 253,General Answer 253 regarding agriculture technicalities.,General
General Question 254,General Answer 254 regarding agriculture technicalities.,General
General Question 255,General Answer 255 regarding agriculture technicalities.,General
General Question 256,General Answer 256 regarding agriculture technicalities.,General
General Question 257,General Answer 257 regarding agriculture technicalities.,General
General Question 258,General Answer 258 regarding agriculture technicalities.,General
General Question 259,General Answer 259 regarding agriculture technicalities.,General
General Question 260,General Answer 260 regarding agriculture technicalities.,General
General Question 261,General Answer 261 regarding agriculture technicalities.,General
General Question 262,General Answer 262 regarding agriculture technicalities.,General
General Question 263,General Answer 263 regarding agriculture technicalities.,General
General Question 264,General Answer 264 regarding agriculture technicalities.,General
General Question 265,General Answer 265 regarding agriculture technicalities.,General
General Question 266,General Answer 266 regarding agriculture technicalities.,General
General Question 267,General Answer 267 regarding agriculture technicalities.,General
General Question 268,General Answer 268 regarding agriculture technicalities.,General
General Question 269,General Answer 269 regarding agriculture technicalities.,General
General Question 270,General Answer 270 regarding agriculture technicalities.,General
General Question 271,General Answer 271 regarding agriculture technicalities.,General
General Question 272,General Answer 272 regarding agriculture technicalities.,General
General Question 273,General Answer 273 regarding agriculture technicalities.,General
General Question 274,General Answer 274 regarding agriculture technicalities.,General
General Question 275,General Answer 275 regarding agriculture technicalities.,General
General Question 276,General Answer 276 regarding agriculture technicalities.,General
General Question 277,General Answer 277 regarding agriculture technicalities.,General
General Question 278,General Answer 278 regarding agriculture technicalities.,General
General Question 279,General Answer 279 regarding agriculture technicalities.,General
General Question 280,General Answer 280 regarding agriculture technicalities.,General
General Question 281,General Answer 281 regarding agriculture technicalities.,General
General Question 282,General Answer 282 regarding agriculture technicalities.,General
General Question 283,General Answer 283 regarding agriculture technicalities.,General
General Question 284,General Answer 284 regarding agriculture technicalities.,General
General Question 285,General Answer 285 regarding agriculture technicalities.,General
General Question 286,General Answer 286 regarding agriculture technicalities.,General
General Question 287,General Answer 287 regarding agriculture technicalities.,General
General Question 288,General Answer 288 regarding agriculture technicalities.,General
General Question 289,General Answer 289 regarding agriculture technicalities.,General
General Question 290,General Answer 290 regarding agriculture technicalities.,General
General Question 291,General Answer 291 regarding agriculture technicalities.,General
General Question 292,General Answer 292 regarding agriculture technicalities.,General
General Question 293,General Answer 293 regarding agriculture technicalities.,General
General Question 294,General Answer 294 regarding agriculture technicalities.,General
General Question 295,General Answer 295 regarding agriculture technicalities.,General
General Question 296,General Answer 296 regarding agriculture technicalities.,General
General Question 297,General Answer 297 regarding agriculture technicalities.,General
General Question 298,General Answer 298 regarding agriculture technicalities.,General
General Question 299,General Answer 299 regarding agriculture technicalities.,General
General Question 300,General Answer 300 regarding agriculture technicalities.,General
General Question 301,General Answer 301 regarding agriculture technicalities.,General
General Question 302,General Answer 302 regarding agriculture technicalities.,General
General Question 303,General Answer 303 regarding agriculture technicalities.,General
General Question 304,General Answer 304 regarding agriculture technicalities.,General
General Question 305,General Answer 305 regarding agriculture technicalities.,General
General Question 306,General Answer 306 regarding agriculture technicalities.,General
General Question 307,General Answer 307 regarding agriculture technicalities.,General
General Question 308,General Answer 308 regarding agriculture technicalities.,General
General Question 309,General Answer 309 regarding agriculture technicalities.,General
General Question 310,General Answer 310 regarding agriculture technicalities.,General
General Question 311,General Answer 311 regarding agriculture technicalities.,General
General Question 312,General Answer 312 regarding agriculture technicalities.,General
General Question 313,General Answer 313 regarding agriculture technicalities.,General
General Question 314,General Answer 314 regarding agriculture technicalities.,General
General Question 315,General Answer 315 regarding agriculture technicalities.,General
General Question 316,General Answer 316 regarding agriculture technicalities.,General
General Question 317,General Answer 317 regarding agriculture technicalities.,General
General Question 318,General Answer 318 regarding agriculture technicalities.,General
General Question 319,General Answer 319 regarding agriculture technicalities.,General
General Question 320,General Answer 320 regarding agriculture technicalities.,General
General Question 321,General Answer 321 regarding agriculture technicalities.,General
General Question 322,General Answer 322 regarding agriculture technicalities.,General
General Question 323,General Answer 323 regarding agriculture technicalities.,General
General Question 324,General Answer 324 regarding agriculture technicalities.,General
General Question 325,General Answer 325 regarding agriculture technicalities.,General
General Question 326,General Answer 326 regarding agriculture technicalities.,General
General Question 327,General Answer 327 regarding agriculture technicalities.,General
General Question 328,General Answer 328 regarding agriculture technicalities.,General
General Question 329,General Answer 329 regarding agriculture technicalities.,General
General Question 330,General Answer 330 regarding agriculture technicalities.,General
General Question 331,General Answer 331 regarding agriculture technicalities.,General
General Question 332,General Answer 332 regarding agriculture technicalities.,General
General Question 333,General Answer 333 regarding agriculture technicalities.,General
General Question 334,General Answer 334 regarding agriculture technicalities.,General
General Question 335,General Answer 335 regarding agriculture technicalities.,General
General Question 336,General Answer 336 regarding agriculture technicalities.,General
General Question 337,General Answer 337 regarding agriculture technicalities.,General
General Question 338,General Answer 338 regarding agriculture technicalities.,General
General Question 339,General Answer 339 regarding agriculture technicalities.,General
General Question 340,General Answer 340 regarding agriculture technicalities.,General
General Question 341,General Answer 341 regarding agriculture technicalities.,General
General Question 342,General Answer 342 regarding agriculture technicalities.,General
General Question 343,General Answer 343 regarding agriculture technicalities.,General
General Question 344,General Answer 344 regarding agriculture technicalities.,General
General Question 345,General Answer 345 regarding agriculture technicalities.,General
General Question 346,General Answer 346 regarding agriculture technicalities.,General
General Question 347,General Answer 347 regarding agriculture technicalities.,General
General Question 348,General Answer 348 regarding agriculture technicalities.,General
General Question 349,General Answer 349 regarding agriculture technicalities.,General
General Question 350,General Answer 350 regarding agriculture technicalities.,General
General Question 351,General Answer 351 regarding agriculture technicalities.,General
General Question 352,General Answer 352 regarding agriculture technicalities.,General
General Question 353,General Answer 353 regarding agriculture technicalities.,General
General Question 354,General Answer 354 regarding agriculture technicalities.,General
General Question 355,General Answer 355 regarding agriculture technicalities.,General
General Question 356,General Answer 356 regarding agriculture technicalities.,General
General Question 357,General Answer 357 regarding agriculture technicalities.,General
General Question 358,General Answer 358 regarding agriculture technicalities.,General
General Question 359,General Answer 359 regarding agriculture technicalities.,General
General Question 360,General Answer 360 regarding agriculture technicalities.,General
General Question 361,General Answer 361 regarding agriculture technicalities.,General
General Question 362,General Answer 362 regarding agriculture technicalities.,General
General Question 363,General Answer 363 regarding agriculture technicalities.,General
General Question 364,General Answer 364 regarding agriculture technicalities.,General
General Question 365,General Answer 365 regarding agriculture technicalities.,General
General Question 366,General Answer 366 regarding agriculture technicalities.,General
General Question 367,General Answer 367 regarding agriculture technicalities.,General
General Question 368,General Answer 368 regarding agriculture technicalities.,General
General Question 369,General Answer 369 regarding agriculture technicalities.,General
General Question 370,General Answer 370 regarding agriculture technicalities.,General
General Question 371,General Answer 371 regarding agriculture technicalities.,General
General Question 372,General Answer 372 regarding agriculture technicalities.,General
General Question 373,General Answer 373 regarding agriculture technicalities.,General
General Question 374,General Answer 374 regarding agriculture technicalities.,General
General Question 375,General Answer 375 regarding agriculture technicalities.,General
General Question 376,General Answer 376 regarding agriculture technicalities.,General
General Question 377,General Answer 377 regarding agriculture technicalities.,General
General Question 378,General Answer 378 regarding agriculture technicalities.,General
General Question 379,General Answer 379 regarding agriculture technicalities.,General
General Question 380,General Answer 380 regarding agriculture technicalities.,General
General Question 381,General Answer 381 regarding agriculture technicalities.,General
General Question 382,General Answer 382 regarding agriculture technicalities.,General
General Question 383,General Answer 383 regarding agriculture technicalities.,General
General Question 384,General Answer 384 regarding agriculture technicalities.,General
General Question 385,General Answer 385 regarding agriculture technicalities.,General
General Question 386,General Answer 386 regarding agriculture technicalities.,General
General Question 387,General Answer 387 regarding agriculture technicalities.,General
General Question 388,General Answer 388 regarding agriculture technicalities.,General
General Question 389,General Answer 389 regarding agriculture technicalities.,General
General Question 390,General Answer 390 regarding agriculture technicalities.,General
General Question 391,General Answer 391 regarding agriculture technicalities.,General
General Question 392,General Answer 392 regarding agriculture technicalities.,General
General Question 393,General Answer 393 regarding agriculture technicalities.,General
General Question 394,General Answer 394 regarding agriculture technicalities.,General
General Question 395,General Answer 395 regarding agriculture technicalities.,General
General Question 396,General Answer 396 regarding agriculture technicalities.,General
General Question 397,General Answer 397 regarding agriculture technicalities.,General
General Question 398,General Answer 398 regarding agriculture technicalities.,General
General Question 399,General Answer 399 regarding agriculture technicalities.,General
General Question 400,General Answer 400 regarding agriculture technicalities.,General
General Question 401,General Answer 401 regarding agriculture technicalities.,General
General Question 402,General Answer 402 regarding agriculture technicalities.,General
General Question 403,General Answer 403 regarding agriculture technicalities.,General
General Question 404,General Answer 404 regarding agriculture technicalities.,General
General Question 405,General Answer 405 regarding agriculture technicalities.,General
General Question 406,General Answer 406 regarding agriculture technicalities.,General
General Question 407,General Answer 407 regarding agriculture technicalities.,General
General Question 408,General Answer 408 regarding agriculture technicalities.,General
General Question 409,General Answer 409 regarding agriculture technicalities.,General
General Question 410,General Answer 410 regarding agriculture technicalities.,General
General Question 411,General Answer 411 regarding agriculture technicalities.,General
General Question 412,General Answer 412 regarding agriculture technicalities.,General
General Question 413,General Answer 413 regarding agriculture technicalities.,General
General Question 414,General Answer 414 regarding agriculture technicalities.,General
General Question 415,General Answer 415 regarding agriculture technicalities.,General
General Question 416,General Answer 416 regarding agriculture technicalities.,General
General Question 417,General Answer 417 regarding agriculture technicalities.,General
General Question 418,General Answer 418 regarding agriculture technicalities.,General
General Question 419,General Answer 419 regarding agriculture technicalities.,General
General Question 420,General Answer 420 regarding agriculture technicalities.,General
General Question 421,General Answer 421 regarding agriculture technicalities.,General
General Question 422,General Answer 422 regarding agriculture technicalities.,General
General Question 423,General Answer 423 regarding agriculture technicalities.,General
General Question 424,General Answer 424 regarding agriculture technicalities.,General
General Question 425,General Answer 425 regarding agriculture technicalities.,General
General Question 426,General Answer 426 regarding agriculture technicalities.,General
General Question 427,General Answer 427 regarding agriculture technicalities.,General
General Question 428,General Answer 428 regarding agriculture technicalities.,General
General Question 429,General Answer 429 regarding agriculture technicalities.,General
General Question 430,General Answer 430 regarding agriculture technicalities.,General
General Question 431,General Answer 431 regarding agriculture technicalities.,General
General Question 432,General Answer 432 regarding agriculture technicalities.,General
General Question 433,General Answer 433 regarding agriculture technicalities.,General
General Question 434,General Answer 434 regarding agriculture technicalities.,General
General Question 435,General Answer 435 regarding agriculture technicalities.,General
General Question 436,General Answer 436 regarding agriculture technicalities.,General
General Question 437,General Answer 437 regarding agriculture technicalities.,General
General Question 438,General Answer 438 regarding agriculture technicalities.,General
General Question 439,General Answer 439 regarding agriculture technicalities.,General
General Question 440,General Answer 440 regarding agriculture technicalities.,General
General Question 441,General Answer 441 regarding agriculture technicalities.,General
General Question 442,General Answer 442 regarding agriculture technicalities.,General
General Question 443,General Answer 443 regarding agriculture technicalities.,General
General Question 444,General Answer 444 regarding agriculture technicalities.,General
General Question 445,General Answer 445 regarding agriculture technicalities.,General
General Question 446,General Answer 446 regarding agriculture technicalities.,General
General Question 447,General Answer 447 regarding agriculture technicalities.,General
General Question 448,General Answer 448 regarding agriculture technicalities.,General
General Question 449,General Answer 449 regarding agriculture technicalities.,General
General Question 450,General Answer 450 regarding agriculture technicalities.,General
General Question 451,General Answer 451 regarding agriculture technicalities.,General
General Question 452,General Answer 452 regarding agriculture technicalities.,General
General Question 453,General Answer 453 regarding agriculture technicalities.,General
General Question 454,General Answer 454 regarding agriculture technicalities.,General
General Question 455,General Answer 455 regarding agriculture technicalities.,General
General Question 456,General Answer 456 regarding agriculture technicalities.,General
General Question 457,General Answer 457 regarding agriculture technicalities.,General
General Question 458,General Answer 458 regarding agriculture technicalities.,General
General Question 459,General Answer 459 regarding agriculture technicalities.,General
General Question 460,General Answer 460 regarding agriculture technicalities.,General
General Question 461,General Answer 461 regarding agriculture technicalities.,General
General Question 462,General Answer 462 regarding agriculture technicalities.,General
General Question 463,General Answer 463 regarding agriculture technicalities.,General
General Question 464,General Answer 464 regarding agriculture technicalities.,General
General Question 465,General Answer 465 regarding agriculture technicalities.,General
General Question 466,General Answer 466 regarding agriculture technicalities.,General
General Question 467,General Answer 467 regarding agriculture technicalities.,General
General Question 468,General Answer 468 regarding agriculture technicalities.,General
General Question 469,General Answer 469 regarding agriculture technicalities.,General
General Question 470,General Answer 470 regarding agriculture technicalities.,General
General Question 471,General Answer 471 regarding agriculture technicalities.,General
General Question 472,General Answer 472 regarding agriculture technicalities.,General
General Question 473,General Answer 473 regarding agriculture technicalities.,General
General Question 474,General Answer 474 regarding agriculture technicalities.,General
General Question 475,General Answer 475 regarding agriculture technicalities.,General
General Question 476,General Answer 476 regarding agriculture technicalities.,General
General Question 477,General Answer 477 regarding agriculture technicalities.,General
General Question 478,General Answer 478 regarding agriculture technicalities.,General
General Question 479,General Answer 479 regarding agriculture technicalities.,General
General Question 480,General Answer 480 regarding agriculture technicalities.,General
General Question 481,General Answer 481 regarding agriculture technicalities.,General
General Question 482,General Answer 482 regarding agriculture technicalities.,General
General Question 483,General Answer 483 regarding agriculture technicalities.,General
General Question 484,General Answer 484 regarding agriculture technicalities.,General
General Question 485,General Answer 485 regarding agriculture technicalities.,General
General Question 486,General Answer 486 regarding agriculture technicalities.,General
General Question 487,General Answer 487 regarding agriculture technicalities.,General
General Question 488,General Answer 488 regarding agriculture technicalities.,General
General Question 489,General Answer 489 regarding agriculture technicalities.,General
General Question 490,General Answer 490 regarding agriculture technicalities.,General
General Question 491,General Answer 491 regarding agriculture technicalities.,General
General Question 492,General Answer 492 regarding agriculture technicalities.,General
General Question 493,General Answer 493 regarding agriculture technicalities.,General
General Question 494,General Answer 494 regarding agriculture technicalities.,General
General Question 495,General Answer 495 regarding agriculture technicalities.,General
General Question 496,General Answer 496 regarding agriculture technicalities.,General
General Question 497,General Answer 497 regarding agriculture technicalities.,General
General Question 498,General Answer 498 regarding agriculture technicalities.,General
General Question 499,General Answer 499 regarding agriculture technicalities.,General
